num_features,MeanGradientBoostingClassifier,GAT,GCN,DenoisingGraphEncoder,CompleteRandomForest,CompleteGradientBoostingClassifier,XGB,RandomForest,AdaBoost,LGBM
53,0.7300000000000001,0.6850000000000002,0.655,0.655,0.6799999999999999,0.7249999999999999,0.655,0.675,0.74,0.745
52,0.7305,0.6775,0.655,0.655,0.6755,0.725,0.655,0.6735,0.7275,0.7344999999999999
51,0.737,0.6799999999999999,0.655,0.655,0.6789999999999999,0.719,0.655,0.6715,0.7175,0.7350000000000001
50,0.719,0.6859999999999999,0.655,0.655,0.674,0.7089999999999999,0.655,0.672,0.729,0.7090000000000001
49,0.7234999999999999,0.687,0.655,0.655,0.6775,0.718,0.655,0.6745,0.714,0.7364999999999999
48,0.729,0.689,0.655,0.655,0.6705,0.7144999999999999,0.655,0.67,0.7154999999999999,0.7449999999999999
47,0.7165,0.6799999999999999,0.655,0.655,0.6745,0.7074999999999999,0.655,0.6715,0.7135,0.7190000000000001
46,0.7095,0.683,0.655,0.655,0.671,0.7105,0.655,0.6685,0.7194999999999999,0.733
45,0.6984999999999999,0.6864999999999999,0.655,0.655,0.6679999999999999,0.7135,0.655,0.668,0.685,0.726
44,0.7144999999999999,0.6969999999999998,0.655,0.655,0.6675000000000001,0.718,0.655,0.666,0.6985000000000001,0.7204999999999999
43,0.6975,0.688,0.655,0.655,0.665,0.675,0.655,0.6675000000000001,0.7040000000000001,0.729
42,0.7045,0.6859999999999999,0.655,0.655,0.6640000000000001,0.7035,0.655,0.6635000000000001,0.6955,0.7175
41,0.733,0.7004999999999999,0.655,0.655,0.6610000000000001,0.6975,0.655,0.6615,0.6839999999999999,0.715
40,0.6995,0.6789999999999999,0.655,0.655,0.6580000000000001,0.707,0.655,0.6685000000000001,0.6910000000000001,0.6925
39,0.6855,0.6795,0.655,0.655,0.6655,0.6880000000000001,0.655,0.665,0.6924999999999999,0.693
38,0.7140000000000001,0.6849999999999999,0.655,0.655,0.663,0.6785,0.655,0.661,0.6890000000000001,0.7065
37,0.7144999999999999,0.6815,0.655,0.655,0.659,0.6950000000000001,0.655,0.668,0.6815,0.6995
36,0.7075000000000001,0.656,0.655,0.655,0.659,0.6835000000000001,0.655,0.668,0.6705,0.6975
35,0.6885,0.677,0.655,0.655,0.659,0.6725000000000001,0.655,0.6635000000000001,0.683,0.7070000000000001
34,0.708,0.671,0.655,0.655,0.6595000000000001,0.7045,0.655,0.6625000000000001,0.6619999999999999,0.708
33,0.688,0.6495,0.655,0.655,0.6575,0.6784999999999999,0.655,0.6585,0.6575,0.686
32,0.6855,0.6615,0.655,0.655,0.6575,0.693,0.655,0.663,0.6665000000000001,0.6955
31,0.6745,0.6775,0.655,0.655,0.657,0.693,0.655,0.6580000000000001,0.6595000000000001,0.6890000000000001
30,0.7010000000000001,0.6940000000000001,0.655,0.655,0.661,0.679,0.655,0.6615,0.6639999999999999,0.7030000000000001
29,0.6945,0.6525000000000001,0.655,0.655,0.656,0.667,0.655,0.6595000000000001,0.66,0.662
28,0.6835000000000001,0.6260000000000001,0.655,0.655,0.6565000000000001,0.6655000000000001,0.655,0.6585,0.664,0.6755
27,0.6625,0.678,0.655,0.655,0.6555000000000001,0.6995000000000001,0.655,0.6605000000000001,0.6595000000000001,0.6875
26,0.683,0.6540000000000001,0.655,0.655,0.656,0.6744999999999999,0.655,0.6560000000000001,0.656,0.6825000000000001
25,0.6620000000000001,0.6295,0.655,0.655,0.656,0.6754999999999999,0.655,0.6565000000000001,0.6565000000000001,0.6824999999999999
24,0.6855,0.648,0.655,0.655,0.657,0.6665,0.655,0.6605000000000001,0.6660000000000001,0.6849999999999999
23,0.6815000000000001,0.6435000000000001,0.655,0.655,0.6575,0.6625,0.655,0.659,0.651,0.673
22,0.6795000000000001,0.6669999999999999,0.655,0.655,0.6545000000000001,0.6695,0.655,0.6585,0.6559999999999999,0.6735
21,0.669,0.6170000000000001,0.655,0.655,0.655,0.6665000000000001,0.655,0.6565000000000001,0.6570000000000001,0.666
20,0.6595000000000001,0.6560000000000001,0.655,0.655,0.655,0.6685000000000001,0.655,0.6555000000000001,0.6645000000000001,0.667
19,0.677,0.6445000000000001,0.655,0.655,0.655,0.6599999999999999,0.655,0.6555000000000001,0.651,0.6705000000000001
18,0.6755000000000001,0.677,0.655,0.655,0.655,0.673,0.655,0.655,0.6655000000000001,0.676
17,0.668,0.671,0.655,0.655,0.655,0.663,0.655,0.6545000000000001,0.652,0.661
16,0.6699999999999999,0.5854999999999999,0.655,0.655,0.655,0.66,0.655,0.6565000000000001,0.656,0.659
15,0.6555000000000001,0.662,0.655,0.655,0.6555000000000001,0.657,0.655,0.656,0.6555000000000001,0.666
14,0.6705,0.661,0.655,0.655,0.655,0.6635,0.655,0.6555000000000001,0.6595000000000001,0.6545000000000001
13,0.655,0.6425000000000001,0.655,0.655,0.655,0.659,0.655,0.6555000000000001,0.656,0.659
12,0.6639999999999999,0.667,0.655,0.655,0.655,0.657,0.655,0.6545000000000001,0.6565000000000001,0.6565000000000001
11,0.657,0.633,0.655,0.655,0.655,0.6585000000000001,0.655,0.6545000000000001,0.655,0.658
10,0.662,0.667,0.655,0.655,0.655,0.6585000000000001,0.655,0.6545000000000001,0.6540000000000001,0.663
9,0.6545000000000001,0.6580000000000001,0.655,0.655,0.655,0.659,0.655,0.6540000000000001,0.6555000000000001,0.651
8,0.6545000000000001,0.659,0.655,0.655,0.655,0.655,0.655,0.6545000000000001,0.6565000000000001,0.6555000000000001
7,0.659,0.6595000000000001,0.655,0.655,0.655,0.6555000000000001,0.655,0.6555000000000001,0.655,0.655
6,0.6535,0.6615,0.655,0.655,0.655,0.6540000000000001,0.655,0.655,0.6545000000000001,0.6610000000000001
5,0.655,0.6355000000000001,0.655,0.655,0.655,0.656,0.655,0.655,0.6555000000000001,0.6535
4,0.655,0.6525000000000001,0.655,0.655,0.655,0.6535,0.655,0.655,0.655,0.6535
3,0.655,0.655,0.655,0.655,0.655,0.655,0.655,0.655,0.655,0.6565000000000001
2,0.6519999999999999,0.649,0.655,0.655,0.655,0.655,0.655,0.655,0.655,0.655
1,0.655,0.655,0.655,0.655,0.655,0.655,0.655,0.655,0.655,0.655
